seq_id,tm
31390,0.029214239039549988
31391,0.02858502043646414
31392,0.007427042993822895
31393,0.005132119940536841
31394,0.004671306344277425
31395,0.0024063232599358963
31396,0.012515370902068374
31397,0.007563404802406029
31398,0.02048719809856768
31399,0.010024384548204607
31400,0.025060051164869514
31401,0.027195742504856454
31402,0.005883799205361686
31403,-0.0029814569936236863
31404,0.02334453835862828
31405,0.010754614407352779
31406,0.024498876477485686
31407,0.0185799023569676
31408,0.020910259837943826
31409,0.005039352002093141
31410,0.03329295126120352
31411,0.02845559941146106
31412,-0.002544404891041231
31413,-0.002033670266220337
31414,-0.002718004647082439
31415,0.005160596305794016
31416,0.006186250942444588
31417,0.007321804080693463
31418,0.004848499559030732
31419,0.004757572248050765
31420,0.005011401711613201
31421,0.00519862765403577
31422,0.005200596834954069
31423,0.00519862765403577
31424,0.005402374710150724
31425,0.005372243733812783
31426,0.005722190042047136
31427,0.009855298817306972
31428,-0.00806436252087459
31429,-0.007729426756986813
31430,-0.008086199821329462
31431,-0.00827742433608661
31432,-0.007729426756986813
31433,0.004961511577652189
31434,0.004829313554806481
31435,0.005814224126813911
31436,0.005086435628173619
31437,0.004829313554806481
31438,0.007689042315912585
31439,0.004829313554806481
31440,0.005086435628173619
31441,0.0053614321537404945
31442,0.004829313554806481
31443,0.006564644423569344
31444,0.004688634657582052
31445,0.004829313554806481
31446,-0.004896721340538074
31447,0.00492024086578645
31448,0.025071977736088494
31449,0.007467958798740312
31450,0.0230937872776195
31451,0.007501076204283811
31452,0.005585869019726717
31453,0.00865233776083413
31454,0.025914737776684054
31455,0.009468016806164097
31456,0.007987917893820817
31457,0.018208911211374964
31458,0.026795377136956847
31459,0.02661575392381096
31460,-0.0032372384709104074
31461,0.026925575568513258
31462,0.020674101292019124
31463,0.021759073619045437
31464,0.020661368660532888
31465,0.03296350117559595
31466,0.03342620083655843
31467,0.03972899353937317
31468,0.00283484545821782
31469,-0.0032282573947398792
31470,-0.006102877805842209
31471,-0.007345351113071815
31472,-0.006440270305170656
31473,-0.007220097581311599
31474,-0.019990817585316033
31475,-0.007794778839735147
31476,-0.006767074799433631
31477,-0.006280791830703746
31478,5.465137374783083e-06
31479,0.004810696954046135
31480,-0.010365894075477826
31481,0.002954271663835138
31482,0.004985344286099348
31483,0.003203083679657408
31484,0.011337218750558003
31485,0.007899627591522433
31486,-0.0018933285098441004
31487,0.002336116456371566
31488,0.006281233077741009
31489,0.008716733661282512
31490,-0.001012984215504094
31491,-0.0014852706724110252
31492,0.0022238055954224576
31493,0.01002387414525076
31494,0.004340485403856905
31495,-0.01134163097477084
31496,0.006767425031141853
31497,0.012292970554110352
31498,0.004829313554806481
31499,0.004829313554806481
31500,0.007396463156843156
31501,0.004296844456993694
31502,0.004062293842083251
31503,0.0038149321220098237
31504,0.002162834720509976
31505,0.0022627804342394723
31506,0.003200472851112839
31507,0.0028782501803742587
31508,0.0019814320378898718
31509,0.0034544240021730627
31510,0.0020258173045799312
31511,0.006638992492875517
31512,0.005852993455255157
31513,0.005782614727933007
31514,0.0025961098529102052
31515,0.003045763487816832
31516,-0.01679761672711061
31517,-0.00034529153193197846
31518,-0.00223971648601312
31519,-0.0023233582342321443
31520,-0.0030068478636171075
31521,-0.0006401805452046117
31522,-0.0030068478636171075
31523,-0.0030068478636171075
31524,-0.002156987636048781
31525,-0.0027582122264625288
31526,-0.0023233582342321443
31527,-0.0027582122264625288
31528,-0.0019776831740460988
31529,-0.002262649736450112
31530,-0.0080516913244537
31531,0.0005287497067211193
31532,-0.008346190039066599
31533,-0.008960484166249503
31534,-0.0080516913244537
31535,-0.005139006677294792
31536,-0.006572392580793224
31537,-0.007510532198474308
31538,-0.0031000408891963312
31539,-0.004935508343634567
31540,-0.008963487333394997
31541,0.018023809828077834
31542,-0.009127939648040052
31543,-0.0005729848723389488
31544,-0.0021693637231343884
31545,-0.0036661369005633426
31546,0.0015809074786842239
31547,0.0011211695733901236
31548,-0.010198624202860022
31549,-0.001208024192492987
31550,-0.0054400163406281
31551,-0.004231224079329226
31552,0.004883139307617985
31553,0.00027977150777101203
31554,0.005508376140186599
31555,0.0006221557155979972
31556,0.0009399616736457685
31557,-0.002376193976667702
31558,-0.002551328825172129
31559,-0.0026934727840194255
31560,-0.0026604035475123146
31561,-0.0021739108763929485
31562,-0.0029384219366537373
31563,-0.0007597559031729501
31564,0.004164335909730525
31565,0.0012743736768821743
31566,0.009954850844851487
31567,0.009710400486749447
31568,0.010018608839849863
31569,0.0063114472184366555
31570,0.006294722360281648
31571,0.0018829900194404145
31572,0.0025254296968418573
31573,0.0021288229638433158
31574,0.0047506675883215235
31575,0.005477121191742141
31576,0.005557102053446772
31577,0.00485821226789775
31578,0.0032971911606790366
31579,0.026008378921020533
31580,0.009734838210993165
31581,0.022970580222820135
31582,0.009302680269930084
31583,0.0051663839030362535
31584,0.006330846376119228
31585,0.010678234587106827
31586,0.006329150641787854
31587,0.00760607712608698
31588,-0.004809353808624675
31589,-0.0013422828845855719
31590,-0.0062363144671893885
31591,-0.0032384882030223137
31592,0.003800776715961248
31593,0.0029351933557625106
31594,-0.0182318226838646
31595,-5.917656104191432e-05
31596,-0.005097994781474577
31597,0.0038813287087199255
31598,-0.00527848088179585
31599,-0.015474261357925385
31600,-0.003278722534905649
31601,-0.0018247408420100759
31602,-0.002981074432870049
31603,0.0015402926837527115
31604,-0.005065512560934027
31605,-0.0033863482488018888
31606,-0.009540343113615657
31607,-0.007435438846302988
31608,0.001867192521935635
31609,-0.0028897340778069615
31610,0.0018780657477798597
31611,-0.0008416683706492302
31612,-0.002206988464074371
31613,-0.007951024984501226
31614,-0.00343015638274914
31615,-0.005978900148990471
31616,-0.006892035662285886
31617,-0.005537068198898157
31618,-0.0049323184949786455
31619,-0.006595051577574448
31620,-0.00461202974584867
31621,-0.003976340059160166
31622,-0.0031486276704482397
31623,0.001498452027384988
31624,-0.002512608556597993
31625,-0.006548787772599965
31626,-0.003824043770453442
31627,-0.003961163943756696
31628,-0.00798677031576275
31629,-0.008184552824201642
31630,-0.007994920438101308
31631,-0.008354598421454308
31632,-0.0036322243623458828
31633,-0.02135104810556906
31634,-0.007593657346902598
31635,-0.008354598421454308
31636,-0.007836238896636042
31637,-0.008354598421454308
31638,-0.006043724102127386
31639,-0.0022616408611657556
31640,0.004371632866795664
31641,0.0029284951110120166
31642,-0.01369210683957144
31643,0.002831328188136261
31644,5.466599429010805e-05
31645,0.0034143511490987914
31646,0.007704151012992032
31647,0.0029284951110120166
31648,0.002831328188136261
31649,0.002831328188136261
31650,0.009981339834674606
31651,0.00582818086628742
31652,0.012106465961671314
31653,0.016509734475417728
31654,0.004829313554806481
31655,0.0204047200642221
31656,0.021880106061785535
31657,0.007191246882174016
31658,0.004907734904407354
31659,0.009971721071237664
31660,0.019214465500721353
31661,0.007516254641844348
31662,0.0021221075377247916
31663,-0.0006777263644770666
31664,0.0146412098636288
31665,0.0050883006045162075
31666,0.003122167216759853
31667,0.0216853690868404
31668,0.01246126518111364
31669,0.011271502763369445
31670,0.013732033010747668
31671,0.030111285079408395
31672,0.007900741301895076
31673,0.0288782615404488
31674,0.010064440882277727
31675,0.010881592206960729
31676,0.04306220176211091
31677,0.04701617916329494
31678,0.0362868773904334
31679,-0.004266401733241812
31680,-0.0066280285778591175
31681,-0.003033096823255562
31682,-0.0020379320888834064
31683,-0.003940193651415782
31684,-0.00045714330697370977
31685,-0.0019870159750855925
31686,-0.00037768194629588805
31687,-0.0004318258304473681
31688,-0.0009600864204998492
31689,0.0007508026622615575
31690,0.005998966283875213
31691,0.006125905939183596
31692,0.0009485403478128711
31693,0.0024016781681245204
31694,0.010920554172743114
31695,0.005297155529445236
31696,0.010131204110170258
31697,0.011287850949405199
31698,0.0013140915798985889
31699,0.015591383684886247
31700,-0.002763650467388446
31701,-0.007721627673166606
31702,-0.008826388383542057
31703,-0.020690946668661666
31704,-0.00349517771875099
31705,-0.008167035246128667
31706,-0.004873710982349377
31707,-0.007813904811197972
31708,-0.008813506184876198
31709,0.011037555468696236
31710,0.005320021905420403
31711,0.002677563379500494
31712,0.006970426665218173
31713,0.005183302523079123
31714,0.007122943049596573
31715,0.0029758206540808963
31716,0.0019765282853681488
31717,0.008288925557902635
31718,0.006364955883737372
31719,0.0026216599274046216
31720,0.0012144855665975405
31721,-0.015629935742757353
31722,0.0011130660317092696
31723,-0.002780204224330724
31724,0.011298190549689634
31725,-0.004488973385292157
31726,0.007511519845732955
31727,0.00654693724515961
31728,0.01021013949339358
31729,0.006661233480429478
31730,0.011034397058661764
31731,0.012403679015688486
31732,0.006546984329373133
31733,0.003416159264150241
31734,0.001480491647844266
31735,0.0015279425727080468
31736,0.007150014329735155
31737,0.0007503761506245927
31738,0.0071677359964410926
31739,0.005263979529238286
31740,0.0015337954712576875
31741,0.035596408898484484
31742,0.024407982153173417
31743,0.03814042544746128
31744,0.03672279331017293
31745,0.04969787374141231
31746,0.040272799677125055
31747,0.035315152967982384
31748,0.04109388454563107
31749,-0.0024827065454653976
31750,0.03398073059640319
31751,0.018953168628512797
31752,0.006153654094020177
31753,0.004907734904407354
31754,0.006701376060682642
31755,0.01524842710558295
31756,0.011628465815164413
31757,0.001938840910544522
31758,0.002377838512164482
31759,0.0017184633891074027
31760,0.0012406804855929789
31761,0.002785515498826025
31762,0.004007761640677378
31763,0.005572198644644321
31764,0.001961120364444665
31765,0.0018653544918203352
31766,0.006810230030540623
31767,0.011311147944861561
31768,0.0211202169092612
31769,0.010639663003105265
31770,-0.0010420265580415816
31771,-0.002060389585449676
31772,-0.001227758385131933
31773,0.019771142814997474
31774,-0.006429478967392318
31775,0.0048562512350366
31776,0.017915148479403606
31777,0.020568975872465485
31778,0.007154643689392729
31779,0.001962748790566399
31780,0.006238382894457838
31781,0.0017184633891074027
31782,0.0008811134089462211
31783,0.0010506758882352465
31784,-0.00028994047203437153
31785,-0.0023855270992654155
31786,-0.0030085411185661686
31787,-0.002745572469783701
31788,-0.0029258122686018294
31789,0.011263063167836183
31790,0.004829313554806481
31791,0.0060587714523196315
31792,0.010617702888751761
31793,0.009954850844851487
31794,-0.011585670559050028
31795,0.010164601076479993
31796,0.010440720016664176
31797,0.004829313554806481
31798,0.004091962397195814
31799,0.00485821226789775
31800,0.004463724713064586
31801,0.004936633617498623
31802,0.01188991878297216
31803,0.01036203125709922
31804,0.006422409281998113
31805,0.008119324641091715
31806,0.005635523403047644
31807,0.009954850844851487
31808,0.0006125395370995982
31809,0.004915179072128229
31810,0.004829313554806481
31811,0.005039063786434988
31812,0.010164601076479993
31813,0.004829313554806481
31814,0.005171261809280696
31815,0.02410845067482183
31816,0.020285404231865103
31817,0.025464385148979533
31818,0.020574201127653097
31819,0.019095194816747443
31820,0.017292246243441455
31821,0.021246286245468052
31822,0.0236603182038886
31823,0.008646209716999507
31824,0.005392569245847907
31825,0.01087454638777865
31826,0.000551568662187116
31827,0.0019452359899265988
31828,0.0005153726142238433
31829,0.0012918128610239182
31830,0.000551568662187116
31831,0.0015887164582084545
31832,0.00025476890154934874
31833,0.0020458216665087733
31834,0.0006125395370995982
31835,0.020615216995036677
31836,0.0007824831519630014
31837,0.004982555017522655
31838,0.00485821226789775
31839,0.004829313554806481
31840,0.004688634657582052
31841,0.010971757550567542
31842,0.011394420039144275
31843,0.004318026418336786
31844,0.006909192040892591
31845,0.0027159436614006454
31846,0.0010089929377329818
31847,0.002555029370038032
31848,0.011340331891853525
31849,0.09944742820225136
31850,0.05687412499128544
31851,0.028295867164881396
31852,0.06324208135947469
31853,0.09800230100569317
31854,0.048615565339776554
31855,0.10121304951790075
31856,0.029324310884264605
31857,0.09630734536777365
31858,0.0727917820550684
31859,0.0009782697702776172
31860,0.09194475047830032
31861,0.026596189231030545
31862,0.0035631126226411446
31863,0.000990297762338945
31864,-0.0009783291267616032
31865,-0.0019605344412220787
31866,-0.002019140380026588
31867,-0.0014426457377308814
31868,-0.0020215053161345615
31869,-0.00013011914633222053
31870,-0.0018003607364070668
31871,-0.001717631886442728
31872,-0.0007310109166203155
31873,0.0004438090526207223
31874,0.0015295936986587564
31875,-0.00011130805934430758
31876,-0.0048117298693794485
31877,-0.002450660004044833
31878,-0.007600953054351431
31879,-0.003304178278303025
31880,-0.0013315264026924649
31881,0.003817093839900794
31882,0.006723183003902441
31883,0.004103411298577222
31884,-0.0031190876881384303
31885,0.005652287317446479
31886,-0.0024726553061704933
31887,-0.003911069604970482
31888,-0.008541442423471044
31889,-0.005557019726064894
31890,-0.008900362127536853
31891,-0.009038299675164264
31892,-0.003841221367062898
31893,-0.003698518964978052
31894,-0.010315283917160037
31895,0.005462867174341279
31896,0.0017056453056804779
31897,0.00033601163718326876
31898,0.0003303819860358159
31899,0.00030426969721725276
31900,-0.0003373243902975116
31901,0.009590635181872705
31902,-0.0013697682292312257
31903,-0.002299502238423383
31904,-0.006176885690287706
31905,-0.0004758386008874894
31906,0.0036602104882150713
31907,0.0007054308403547278
31908,-0.007741232769822145
31909,-0.07807141842444958
31910,-0.07972247957659191
31911,-0.01318914713722997
31912,-0.01700845241542822
31913,-0.016552566098874753
31914,-0.015536961067657243
31915,0.0034927214314270675
31916,0.010702638615901573
31917,0.003772197524987893
31918,0.005733418558585298
31919,0.005149378433956737
31920,0.0033313683521520613
31921,0.002536787088248926
31922,0.006500070061808464
31923,0.014027247940242316
31924,0.005083143018368918
31925,-0.005186221056162553
31926,-0.004315723757698008
31927,-0.004159527767217038
31928,-0.005958119345621715
31929,0.0006450939405736596
31930,-0.008611290985848192
31931,-0.004321458325580408
31932,-0.019443621678269588
31933,-0.007463887225688721
31934,-0.007031526142630421
31935,-0.009249910910549018
31936,-0.007133872298207595
31937,-0.012259587624258701
31938,-0.012018609536788233
31939,-0.012492718043304532
31940,-0.012079580411700715
31941,-0.005743601551806838
31942,-0.007124558065342822
31943,-0.013290482887255236
31944,-0.014108271879396818
31945,-0.010530588660050966
31946,-0.012966394046614451
31947,0.005533295535543915
31948,-0.009300972908187034
31949,-0.00931068056755912
31950,-0.008745115431458039
31951,-0.01033692581134973
31952,-0.0039309114981481656
31953,-0.00024365159967393787
31954,0.0024367862998186524
31955,-0.004045761522565729
31956,-0.004573198607066992
31957,-0.0032531293920930664
31958,0.002302834810060437
31959,-0.005071134739848196
31960,-0.003039038058941201
31961,-0.003576866094725005
31962,0.02314774264718341
31963,0.0009882432115579493
31964,0.009001860075919717
31965,0.012019534261199854
31966,0.00306985678838342
31967,0.023905016130703775
31968,0.03151693907307489
31969,0.028855264264257
31970,-0.0061982307739483575
31971,-0.006605157529197361
31972,-0.0037485924412790804
31973,-0.011349580245906076
31974,-0.006494482697182202
31975,-0.006224260043543214
31976,-0.011528466857556737
31977,-0.010635953476106819
31978,-0.011541465314378344
31979,-0.007682604528570739
31980,-0.0064222554050735944
31981,-0.018062388139396177
31982,-0.005330638517544756
31983,-0.01043399771147489
31984,-0.008490099813049374
31985,-0.004818076317048183
31986,0.009673094885389352
31987,0.048152783895185944
31988,-0.005603573737353824
31989,0.027670306277179493
31990,0.020839209125201714
31991,0.018504087807651972
31992,0.06919344157137741
31993,0.043913807764930625
31994,0.01636451282338119
31995,-0.012467234645584899
31996,0.022200464461457747
31997,0.02068509785963373
31998,0.020154703480639226
31999,0.03794638565467641
32000,0.02261357994134986
32001,0.017537408341711466
32002,0.021651915208303035
32003,0.05435394742570651
32004,0.060938206999936906
32005,0.021494236090406807
32006,0.04088891708402221
32007,0.011491800690402055
32008,0.0016357038251033369
32009,0.006163104090117494
32010,0.003305367765625476
32011,0.00024164722514586994
32012,0.0023160784830581864
32013,0.0024314854699116943
32014,0.00303143350905877
32015,0.00602006647365961
32016,0.006598771109251442
32017,0.0028127855858796264
32018,-0.0012137841748161282
32019,0.020534506113304807
32020,0.0065424387268607775
32021,-0.0028014375801796282
32022,-0.0025623513393440585
32023,-0.010416450982724033
32024,-0.005808424328809998
32025,-0.0027989869213141554
32026,-0.00959271112347669
32027,-0.016401654827475142
32028,-0.01036624544947791
32029,-0.016402319821486603
32030,0.0015837943503404508
32031,-0.003850927473903318
32032,-0.01313009712027589
32033,-0.007497329918719339
32034,-0.016032057655388753
32035,0.0406978916724519
32036,0.0005514119658170246
32037,0.025487507802951902
32038,0.035257098590374486
32039,0.03331649480246372
32040,0.041414735780419216
32041,0.023409745938869273
32042,0.023379266867358757
32043,0.025738799836589846
32044,-0.0001231992445389328
32045,-0.0004518187443006251
32046,-0.0020740461830757793
32047,-0.0010863876133665807
32048,-0.004111343414521921
32049,-0.00326859157123919
32050,-0.0031596700170870786
32051,0.013010666029149813
32052,9.685735409028163e-05
32053,0.001033927771741079
32054,-0.012309723325592983
32055,-0.002532897016695625
32056,-0.0023921495875398936
32057,-0.0023250281206285035
32058,-0.0022904849167562427
32059,-0.00040275832965568233
32060,0.00026709851374322495
32061,0.00035761555412887574
32062,-0.004925490772431693
32063,-0.00393764425307983
32064,-0.001932077137713014
32065,-0.0039066350025441085
32066,0.008479828160693122
32067,-0.003634808735635881
32068,0.02270925034526961
32069,0.006457751769372271
32070,0.024919823926121052
32071,0.0062086597874244556
32072,-0.0031914954409103472
32073,0.005477121191742141
32074,0.006940120217268777
32075,0.021259261749490305
32076,0.019647767265285266
32077,0.041784432507103036
32078,0.013383326344930566
32079,0.01494035264697726
32080,-0.011736358294309093
32081,-1.3093725600786093e-05
32082,-0.00199776544284122
32083,-0.0023355801851909987
32084,0.00024656793795053663
32085,-0.0012166113650038401
32086,-0.0017689509330661931
32087,-0.0010512457483104025
32088,-0.0036509661384002516
32089,0.0009553282978917687
32090,-0.0013473854711160914
32091,-0.0021963221283770947
32092,0.0019203287859527495
32093,-0.0003713813331134102
32094,0.00024656793795053663
32095,-0.003285082116201311
32096,-0.0007018371026897497
32097,-0.009741376251094565
32098,-0.001644475119119772
32099,-0.002434125607653295
32100,0.0009507811033689006
32101,-0.004799683390176855
32102,0.013147408511009633
32103,0.013477444350404046
32104,0.013007182900222108
32105,0.007054194433468217
32106,0.010605730579367144
32107,0.016024185404429212
32108,0.012575379044948458
32109,0.01162979581351275
32110,0.013648501359376744
32111,0.00018761491545743293
32112,0.0006679627534377454
32113,0.0033554726864153594
32114,-6.63757664756996e-05
32115,0.030094644872754383
32116,0.0017687564097583347
32117,0.01829433389480884
32118,0.02989481481898272
32119,0.010735092684379832
32120,0.00808151976897565
32121,0.003285254455367217
32122,0.00826817692637919
32123,-0.011808280298837619
32124,0.0075121537005688535
32125,0.0023105573873115665
32126,0.007502230196320703
32127,0.005883598970032545
32128,0.00555874603549621
32129,0.006764195423268784
32130,0.02756291343842897
32131,0.0018011922390717425
32132,0.0015220635168574283
32133,0.001468891133260489
32134,0.0016892686546976087
32135,0.0036823646257766822
32136,0.0022357298768131747
32137,0.0011912271844417438
32138,0.0005847305525050714
32139,0.0016496873331209372
32140,0.0005380434875303851
32141,0.00485821226789775
32142,0.0019168953726894761
32143,0.0008624175066474558
32144,0.0011083606976884227
32145,0.006156784535474433
32146,0.02733074242580841
32147,0.006014437491179603
32148,0.00557918426085596
32149,0.007356488431992369
32150,-0.004896721340538074
32151,0.006014437491179603
32152,0.01209203455294808
32153,0.004688634657582052
32154,0.007391532862976919
32155,0.008598779574036602
32156,0.004444811206901002
32157,0.017861100660079315
32158,0.022979471306415297
32159,0.022350601290948787
32160,0.005848408303866455
32161,0.005638658072237949
32162,0.0036487939486630626
32163,0.005848408303866455
32164,0.006085237599222537
32165,0.03138913741987509
32166,0.03245476660626187
32167,0.04213368567287221
32168,0.039862993172869496
32169,0.03301792565369313
32170,0.02163139563146044
32171,0.03125791835881149
32172,0.0382734240465701
32173,0.03582400076280088
32174,0.03320494942265967
32175,0.0179449958438109
32176,0.03302341113180528
32177,0.01875957686490577
32178,0.0033506454023466913
32179,0.036572072021448826
32180,0.031697429109884524
32181,0.038361919691179774
32182,0.011989503341040484
32183,0.03000123041887647
32184,0.007156342704923111
32185,0.0028014182052573627
32186,0.03593682878647908
32187,0.029105398081903072
32188,0.0037530541679946464
32189,-0.01156278634327746
32190,0.005585869019726717
32191,0.007447254213041308
32192,0.003923667953918864
32193,0.0071919687439668525
32194,0.0040880397169463885
32195,0.010873003379955835
32196,0.012848817763207772
32197,0.0073627070273972065
32198,0.008768184423951237
32199,0.007453634338377174
32200,-0.0025512118580336756
32201,0.009832550806752797
32202,0.012294232298901763
32203,-0.003382403318371666
32204,-0.004895662806581745
32205,-0.0019629689941258015
32206,-0.002282970411409219
32207,0.0007709095415863983
32208,-0.0011095511252002665
32209,-0.003036367262977717
32210,0.015561886694204885
32211,0.00013140792997892823
32212,-0.0028004684402429176
32213,-0.00543940376225463
32214,-0.002007659770400688
32215,-0.004157602365299467
32216,0.002748098192981505
32217,-0.004533444354577653
32218,-0.012793776628480661
32219,-0.011283368665869915
32220,-0.002331110007034471
32221,-0.015372280551029354
32222,-0.011273403759624925
32223,-0.010974378269823224
32224,-0.012093350900288907
32225,-0.004920608273757512
32226,-0.012793776628480661
32227,-0.009543780402253116
32228,-0.01061101883223852
32229,-0.011273403759624925
32230,-0.009044661387616454
32231,-0.0030961667870207325
32232,-0.014263326533728322
32233,-0.012891891922331233
32234,-0.01816149469842249
32235,-0.018227851615604262
32236,-0.0010897719680405386
32237,-0.001059882027369693
32238,-0.0004355844943844689
32239,-0.014532645669063546
32240,0.004567329026103182
32241,0.010699118328254925
32242,0.0059268049626472075
32243,-0.00015721638982654686
32244,-0.0018281234205447415
32245,-0.0013846484544081442
32246,-0.0005058144987117288
32247,-0.0036848922723955154
32248,-0.0023731415346721165
32249,0.005183065202434087
32250,0.0016435624920384036
32251,0.006935194862922627
32252,0.0046640073946607775
32253,-0.007945206765017766
32254,0.005263424495118275
32255,0.007690749750368021
32256,0.007899627591522433
32257,0.010299253198601206
32258,0.006296167161641234
32259,0.010920554172743114
32260,0.02177242025103481
32261,-0.008882060019204474
32262,0.006573225510343926
32263,0.019725839842765446
32264,-0.0059955324736746685
32265,-0.0059955324736746685
32266,0.005164856977774491
32267,0.03844419329470737
32268,0.005477121191742141
32269,-0.0044870090028667035
32270,0.0074935011072043735
32271,0.010529485592332275
32272,0.007783041070239523
32273,0.005994375628674591
32274,0.005232337612549733
32275,0.004829313554806481
32276,0.004829313554806481
32277,0.004829313554806481
32278,-0.007718974942373158
32279,-0.010232847584297539
32280,-0.009889594398277978
32281,-0.011348365247514288
32282,0.0026803001686263274
32283,-0.003113676854803672
32284,0.0059336575157168114
32285,0.002489876458233003
32286,-0.0033264108575380147
32287,-0.0029001469043981425
32288,0.0026803001686263274
32289,0.005425865288750478
32290,0.0026803001686263274
32291,0.004426484300743433
32292,-0.009606955471567712
32293,-0.010364711959409734
32294,-0.022199860089588293
32295,-0.016201092896213572
32296,0.0051288196534869344
32297,-0.0033125357638661506
32298,-0.006718858571116966
32299,-0.02056742381998801
32300,-0.012396759874595077
32301,-0.008292634146117544
32302,-0.011227447297602581
32303,0.00560931921458785
32304,-0.011851207308727964
32305,0.006075232744419305
32306,0.0037483303431421473
32307,0.006259565118126449
32308,0.0006091829157136748
32309,0.006484379268029143
32310,0.009838332645784393
32311,-0.00020451262901035873
32312,-0.0013010183652591635
32313,-0.0006044685913266868
32314,0.001007462600058469
32315,-0.0005277369116439374
32316,0.005452739637117358
32317,0.04531781658281098
32318,0.02803962735134505
32319,0.030091246071160503
32320,0.012854990939301458
32321,0.01545091188287278
32322,0.016850504634103817
32323,0.021103972706593543
32324,0.007900741301895076
32325,0.010387144936949512
32326,0.021942878700719596
32327,0.011927298784097849
32328,0.02566625827890854
32329,0.017417020328824823
32330,0.013437681829356134
32331,0.027273532800345744
32332,0.004829313554806481
32333,0.023904863719221
32334,0.01608764743332755
32335,0.012568573765565236
32336,0.00564802936442674
32337,0.011066601231349978
32338,0.005560827919064276
32339,0.006451518570287037
32340,0.004829313554806481
32341,0.005767721425893352
32342,0.009954850844851487
32343,0.006345370154254036
32344,0.00768426940237245
32345,0.014170276950815054
32346,0.005557102053446772
32347,0.010203578913738711
32348,0.01089162383390157
32349,0.0134727576754288
32350,0.025390472177367732
32351,0.011896299023257853
32352,0.005804687259551097
32353,0.010214747821872934
32354,0.0059857322144765916
32355,0.013192794758430096
32356,0.008641169743342442
32357,0.010377513333428219
32358,0.003136414038336302
32359,0.001605154057289611
32360,0.0015583488079183414
32361,0.005903405416576397
32362,0.0002999094468521087
32363,0.002088180841329115
32364,0.0010987116903268999
32365,0.004732275604445263
32366,0.0021287159708987145
32367,0.0016812235239347104
32368,0.0008592277102943923
32369,0.0015205468849816444
32370,0.0018396972042679428
32371,0.006675747158407126
32372,0.004829313554806481
32373,0.01046952565029667
32374,0.00650473649434976
32375,0.0033479699400768242
32376,0.006104131457510573
32377,0.005477121191742141
32378,0.029974588096354813
32379,0.015473497859007526
32380,0.030891170627192585
32381,0.030350527849877736
32382,-0.0042003773200320485
32383,0.03367280268494929
32384,0.027510348976324917
32385,0.006434680492579288
32386,0.004907734904407354
32387,0.0025808556074278844
32388,0.010523094362018502
32389,0.0022149704317166825
32390,0.005956435365605216
32391,0.019139397932203
32392,0.011591446773739056
32393,0.02520425270476441
32394,0.022606872833585992
32395,0.005232337612549733
32396,0.015589723658374948
32397,0.025394635936995168
32398,0.0250056264465353
32399,0.023909827529974382
32400,0.0028846568374001984
32401,0.001999811785457004
32402,0.00283484545821782
32403,0.0020932171134730917
32404,-0.0006718605021044644
32405,0.014482477027270626
32406,0.018710711138326355
32407,-0.010689796004141217
32408,-0.012139214343829523
32409,-0.010800453757111755
32410,-0.010741496651789306
32411,-0.005612106076686571
32412,-0.0047141548427770096
32413,-0.011133426372833457
32414,-0.011152351128351284
32415,-0.010789637582393161
32416,0.001534853401563247
32417,0.0007144225808639604
32418,0.0019816841376394776
32419,0.0005865107503268826
32420,0.0004521862241196743
32421,-0.000697756516789487
32422,0.00036514413058271654
32423,-0.002484034698819843
32424,-0.002516106860641056
32425,-0.0023855270992654155
32426,-0.002545005573732325
32427,0.00017751135666360473
32428,4.837415874312076e-06
32429,-0.0019527009504180944
32430,-0.00206170272675111
32431,0.0053494389244746025
32432,0.004761574975401626
32433,0.005434677249361004
32434,0.007339692291185969
32435,0.02224268642298043
32436,0.004614291540175341
32437,0.0008061387795856329
32438,-0.0011085089015897233
32439,-0.001573810559464691
32440,-0.0007362700575232289
32441,-0.0019785117860594615
32442,0.006037000551880898
32443,-0.001862026841667651
32444,-0.001992329646050603
32445,0.000879628837796164
32446,-0.0008908643221774881
32447,-0.0003167437438658278
32448,-0.0010610579767259423
32449,-0.000733277328803941
32450,-0.0014844698067858553
32451,-0.004953498295024412
32452,-0.004844423572684227
32453,-0.006575038664143743
32454,0.0169944531752762
32455,-0.005377483037457082
32456,-0.0024866579783422204
32457,-0.0032881139058188185
32458,-0.003993404584237718
32459,-0.004519143372310605
32460,-0.010739500632976741
32461,-0.004953498295024412
32462,-0.005251232113951542
32463,-0.0063760724963476375
32464,-0.00505633840740799
32465,-0.003803051518398774
32466,0.0019056653076307004
32467,0.0049606561789311025
32468,0.01617271664253213
32469,0.0010459604788773326
32470,0.023147887182623263
32471,0.023433295806893097
32472,0.02387351402104597
32473,0.018352307477170017
32474,-0.0020386540489585807
32475,-0.003079182683137754
32476,0.02448104867558411
32477,0.0009090680022197843
32478,-0.0008946793989996947
32479,-0.0025211235729477284
32480,-0.002819882021979224
32481,-0.0024259756145211873
32482,-6.264732398746759e-06
32483,0.005560827919064276
32484,0.02822694579228906
32485,0.028709828861941435
32486,0.031143395239784752
32487,0.036915442852699765
32488,0.02559729010664513
32489,0.03019124473731722
32490,0.03217946098811541
32491,0.012847973461032763
32492,0.0091404153806543
32493,0.010625726045850534
32494,0.008232282665127832
32495,0.011538731698684112
32496,0.010377513333428219
32497,0.013744550397509256
32498,0.006018552417847772
32499,0.010498112991162802
32500,0.011130014579547544
32501,0.006738478898892612
32502,0.005982341842131637
32503,0.03323735933902829
32504,0.009370665450257554
32505,0.011141262994078183
32506,0.00567148456505732
32507,0.011391845605068111
32508,-0.0043208556699744285
32509,0.00952994465328632
32510,0.005601730629705994
32511,0.009407864113263753
32512,-0.008029698016132016
32513,0.0033319292860461854
32514,0.025158734015548995
32515,-0.00862309933730773
32516,0.022583781343639423
32517,0.043738655726815824
32518,0.026655270257327127
32519,0.034222719013415455
32520,0.040374095825344354
32521,0.03160598128653944
32522,0.03790007254500905
32523,0.022797666888539903
32524,0.0018093202998194266
32525,0.0014581476598465423
32526,0.0020481031157092867
32527,0.027446419184151583
32528,0.0009720653005396508
32529,0.005032171293820287
32530,0.0028017839201089113
32531,0.0013625499782337974
32532,0.0019072200183913384
32533,0.0014738825266507652
32534,0.0014440536129131617
32535,0.016904339251205592
32536,0.0002438792191459606
32537,0.0013651292158498802
32538,-0.004934139470176774
32539,-0.0045010051990542746
32540,-0.0030194968018867206
32541,-0.003121835383089563
32542,0.008940729994892057
32543,-0.00047236031817212294
32544,0.0015174043600778156
32545,0.0006906216393590517
32546,-0.003656789955410139
32547,-0.004952355837267941
32548,0.002205675574398093
32549,0.002368627932972315
32550,-0.0010317397538261773
32551,-0.006438022427940257
32552,-0.007799030486269788
32553,0.0016584252203381792
32554,0.0009291912418025332
32555,0.002894805184257631
32556,0.001755592143213934
32557,0.002539632792051863
32558,0.0012044219576440016
32559,0.03494487402052178
32560,0.0020268644138377893
32561,0.0014379414853783802
32562,0.00199796570074652
32563,0.0018165630181264155
32564,0.0011962264421180404
32565,0.0012647399568790018
32566,-0.0068927588734986585
32567,-0.006694667825282923
32568,-0.006807098600546706
32569,-0.007565502646569371
32570,-0.007565502646569371
32571,-0.006998523782782252
32572,-0.004851770160685765
32573,-0.0022568075244611126
32574,0.024451703949315822
32575,0.031540306795838434
32576,0.03526089696923532
32577,0.029394471671717447
32578,0.029313167868639623
32579,0.04128524730960019
32580,0.031204677103899247
32581,0.020253265944589226
32582,-0.0058058344493856304
32583,-0.0034502320658271984
32584,-0.004498909734634555
32585,0.012410571608772458
32586,0.016241912932448418
32587,0.0006700192321393876
32588,0.027061265915152913
32589,0.025816225842726824
32590,0.02569405750224008
32591,0.005711254698154082
32592,0.009280035221730131
32593,0.005088358581104176
32594,0.005254553343491346
32595,0.005982341842131637
32596,0.011677684662436178
32597,0.005840606952023115
32598,0.004732146631930727
32599,0.01133395417857312
32600,0.01268997974738975
32601,0.009962694208536677
32602,0.005557102053446772
32603,0.005676928077518009
32604,0.01117019560158446
32605,0.03527092987552144
32606,0.029352907942687283
32607,-0.0032015100085511093
32608,0.03352672176321672
32609,0.022531301316255792
32610,0.032259186612418736
32611,0.033339842604058555
32612,0.033330534542500366
32613,0.03472401359969482
32614,0.005589726632155545
32615,0.007326246515295597
32616,0.007438931157120502
32617,0.006767425031141853
32618,0.01196320400976056
32619,0.007480869088020001
32620,0.005560827919064276
32621,0.0001312403655141181
32622,0.0006575329858591735
32623,0.005616132668632174
32624,0.021374686431770682
32625,0.0030695484328905082
32626,0.009706758713383268
32627,0.032510929552039464
32628,0.0016856190011319602
32629,0.0010459604788773326
32630,-0.006095786857548575
32631,-0.003994743522439515
32632,-0.006044568329147015
32633,-0.004201362907264414
32634,-0.005518763131727497
32635,0.004598438369582084
32636,-0.0009748124599961201
32637,-0.002629224027565654
32638,-0.0018619191594818527
32639,-0.004211191169879957
32640,-0.006421591835280358
32641,0.025509523201739645
32642,0.006702689356951719
32643,0.014931588229607431
32644,0.004418972918216995
32645,0.003969507499176738
32646,0.0009322118138812415
32647,0.005928066031755714
32648,0.023152771578846237
32649,-0.008303413091412009
32650,-0.007991690009588102
32651,-0.0021772834827960726
32652,-0.0010213748855518023
32653,0.004224899464156866
32654,-0.0028427393926594557
32655,-0.008172618042920198
32656,-0.021854248612462233
32657,-0.0008017617457807036
32658,-0.0018975276592828217
32659,0.002943315224909083
32660,0.006310468359086384
32661,0.0010811669469693484
32662,0.00019158251144517973
32663,0.0012191161214072182
32664,0.000806095025778609
32665,0.001862577700733517
32666,0.0010811669469693484
32667,0.0007563790277666349
32668,0.001534853401563247
32669,0.0003869701747951355
32670,0.0004521862241196743
32671,0.02532716135402651
32672,0.006146571869068942
32673,0.004907734904407354
32674,0.006139329001972
32675,0.007752786899076643
32676,0.01264936627454336
32677,0.008650284845032481
32678,0.016655527810492763
32679,0.029255341889986745
32680,0.026387212734962952
32681,0.012388782172962264
32682,0.010631732936865288
32683,0.0062987952166950354
32684,0.005198340873008272
32685,-0.002015494021523184
32686,-0.001895162723174848
32687,-0.0017994668314370626
32688,0.0027376785353420657
32689,-0.0019000525080192364
32690,-0.0017994668314370626
32691,0.0016996662288769268
32692,0.0028552300957186
32693,-0.0019000525080192364
32694,-0.001992329646050603
32695,0.0027376785353420657
32696,0.002596999638117635
32697,0.009372930628704335
32698,0.0032242835804547356
32699,0.023421930481720407
32700,0.007305124236163192
32701,0.004829313554806481
32702,0.005535212712288944
32703,0.02913601776936857
32704,0.025757145375124857
32705,0.022103378266536255
32706,0.008377467511258042
32707,0.00976470228181702
32708,0.02559411713976102
32709,0.008588052786867889
32710,0.03081418816883452
32711,0.007557980055409717
32712,0.0038406028470137636
32713,0.009829669272013784
32714,0.0042564415545311065
32715,0.002707932849466868
32716,0.0017184633891074027
32717,0.0047853259144495395
32718,0.013811198464699515
32719,0.002226083461117767
32720,0.009546993153694804
32721,0.01302767975592512
32722,0.02293602585612979
32723,0.02832184856454945
32724,0.0231975972899408
32725,0.028061734675510114
32726,0.007899627591522433
32727,0.0005418294541244919
32728,0.01327114705401929
32729,0.0055789957505613065
32730,0.02206144085520188
32731,0.006871787658975708
32732,0.01595145977255487
32733,0.023849028515808543
32734,-0.011685405582821249
32735,0.028759431203541075
32736,0.03009755861231977
32737,0.021495276799618317
32738,0.00485821226789775
32739,0.005371277308821995
32740,0.0014954962000578006
32741,0.0057137599485711284
32742,0.011040708803910924
32743,0.006543549135561418
32744,0.009053130848220882
32745,0.005529847322404941
32746,0.004829313554806481
32747,0.0014977199691605244
32748,0.0015591858412536653
32749,0.0076544190652219095
32750,0.013762014095813131
32751,0.011875289507788135
32752,0.008162024918927206
32753,0.012844022812968599
32754,0.010245654334949622
32755,0.0059384587252770595
32756,0.007628052601235566
32757,0.007313250565463486
32758,-0.010566881278571603
32759,0.010913818287048032
32760,0.010164601076479993
32761,0.023512384219055514
32762,0.005086435628173619
32763,0.004829313554806481
32764,0.004829313554806481
32765,0.006410776167387316
32766,0.004829313554806481
32767,0.004829313554806481
32768,0.004829313554806481
32769,0.004829313554806481
32770,0.0074568243424627065
32771,0.0082857906483275
32772,0.0068973633655908416
32773,0.005560827919064276
32774,0.0093807482050215
32775,0.010475722003775313
32776,0.014476597299402953
32777,0.013117428225519812
32778,0.011794343452074075
32779,0.00863953204242984
32780,0.03477826908849886
32781,0.02390235289459335
32782,0.030993670168476383
32783,0.028556888680071047
32784,0.03114375365446078
32785,0.009857683921975731
32786,0.027444688486424455
32787,0.033947157092863695
32788,0.011638576581078775
32789,0.00072698850228083
32790,-0.0008587490525613777
32791,0.0035473975740020567
32792,-0.0008075167116083498
32793,-2.6452369432551797e-05
32794,0.002345451089809804
32795,-0.0016626329309220788
32796,-0.008143897741943146
32797,-0.008264600727756035
32798,-0.004837769378573412
32799,-0.009233769977821802
32800,-0.004259339174618984
32801,-0.0017319685552144356
32802,-0.0020426785600991333
32803,-0.0023166351715853146
32804,-0.0016320282768437894
32805,0.010577275710275579
32806,0.006474614893713085
32807,0.0059384587252770595
32808,0.011695663651073948
32809,0.006025431611714507
32810,0.009876590710024474
32811,0.0061725922316890015
32812,0.005972287142193234
32813,0.003095373548865249
32814,0.004349452260397356
32815,-0.0025345237723394588
32816,-0.002612694216809402
32817,0.003036943449532265
32818,-0.01494785549003476
32819,0.0025922150394358445
32820,-0.00999014731587125
32821,-0.01137065428694848
32822,-0.010329223253806436
32823,-0.00950877373079153
32824,-0.010497019007969637
32825,-0.009453638992787068
32826,-0.0071982117489783485
32827,-0.009351292837209894
32828,-0.00984198940815362
32829,-0.011563517101562022
32830,-0.011563517101562022
32831,-0.0022000781230187712
32832,-0.0036758663104299455
32833,-0.003056382088221885
32834,0.0026899282310169025
32835,-0.0006401805452046117
32836,-0.015105673154860572
32837,0.0025807221940491436
32838,0.004415916985603092
32839,0.007603560958899714
32840,0.037184416848500525
32841,0.027493062030057684
32842,0.002578169259064051
32843,0.017666905236608875
32844,0.030162050272286425
32845,0.012333326689853697
32846,0.011533616300975515
32847,0.026037212741379278
32848,0.026803799387870746
32849,0.010141130929700487
32850,0.011877251167056213
32851,0.01157848230493087
32852,0.01183355598382241
32853,0.011871466744610022
32854,0.012139986921689407
32855,0.004732146631930727
32856,0.004829313554806481
32857,0.004322916843325621
32858,0.004829313554806481
32859,0.004732146631930727
32860,0.0047610453450219956
32861,-0.0019641973551175478
32862,-0.0032791108659283447
32863,-0.00467643792266215
32864,-0.015055823359934542
32865,-0.004683532274229965
32866,-0.004074366348753019
32867,0.0050211876323064345
32868,0.00047481054044147276
32869,0.013992484566199092
32870,0.02588062572632376
32871,0.019485629844654722
32872,0.011394527801632852
32873,0.007862081108591651
32874,0.0021905781520935937
32875,-0.0020377549587353785
32876,-0.0006801097268159126
32877,-0.0019104283606768216
32878,-0.013037955434863366
32879,-0.0004679428233463855
32880,-0.0009288332036386624
32881,0.00731335211702308
32882,-0.000971292388067036
32883,-0.009267993730027246
32884,-0.010241098698108195
32885,-0.010534063416957982
32886,-0.011508828624293525
32887,-0.01643329802155772
32888,-0.01918478346989948
32889,-0.023581672397018947
32890,-0.01748069216559264
32891,-0.012176386874033948
32892,-0.01096004588368773
32893,-0.005938873992226759
32894,0.008949259066609755
32895,0.00033748124598988654
32896,0.018663309077019002
32897,-0.014839971765679812
32898,-0.005725286168550972
32899,-0.004172072496608145
32900,-0.0052432072618726
32901,-0.004756318864175767
32902,-0.005400434335428223
32903,-0.018990535257176706
32904,-0.0065012793311188255
32905,-0.0066253307357734235
32906,0.008825195273373033
32907,0.007224044392339014
32908,0.011565186317718152
32909,0.012959247842093752
32910,0.010075804440015617
32911,0.004214753292814746
32912,0.00628277913608337
32913,0.02768974204363511
32914,0.015971538164173068
32915,0.016553682286006285
32916,-0.00984352188731513
32917,0.014978248266966919
32918,0.03653453463931778
32919,0.033290566386530614
32920,0.03996028222293058
32921,0.044754392787017434
32922,0.006388528778287427
32923,0.0059393356148464225
32924,0.008463044192280899
32925,0.005848408303866455
32926,0.02451688371399595
32927,0.008411595885435847
32928,0.022887631591644753
32929,0.03801205576961832
32930,0.009774904966376383
32931,0.008079603009955128
32932,0.019476110835125026
32933,0.008330931035109651
32934,0.0316922870882743
32935,0.005923510180199635
32936,0.0015449410528103472
32937,0.00558600076653804
32938,0.0007618318300652815
32939,0.0016716092299119626
32940,0.0030692629407450796
32941,3.656401554743769e-05
32942,0.0006575331182487954
32943,0.00014139486654166932
32944,0.003016827457117604
32945,0.0003681325869491878
32946,-0.009059452039876943
32947,5.832199059929516e-05
32948,0.001058722809458641
32949,0.00030087334100857896
32950,0.00021723159278955493
32951,0.002012888792212475
32952,0.0022861316067356026
32953,0.001311291650892697
32954,0.0019160412555168037
32955,0.0011733424764548272
32956,-1.058079357268678e-06
32957,0.0018937823553065137
32958,0.001536229142398641
32959,0.00023744363228733382
32960,0.0030231166730236418
32961,0.004136658299505726
32962,0.02204509593537315
32963,0.009355866179460005
32964,0.011775741842410455
32965,0.005683088785121115
32966,0.006564923303441181
32967,0.024442800167279174
32968,0.02941475197487747
32969,0.008344573503606185
32970,0.004757572248050765
32971,0.025833289413187844
32972,0.027352084747935757
32973,-0.007461904810220211
32974,-0.006629884695289106
32975,0.028267333046780592
32976,0.016281122117638554
32977,-0.0034641366726455803
32978,0.0008981709471858183
32979,0.0002515612545129074
32980,0.00037619792941460126
32981,0.008129355254851593
32982,0.01226652002372147
32983,0.02282276563240347
32984,0.00650473649434976
32985,0.012076004184379699
32986,0.013975429357064348
32987,-0.0031914954409103472
32988,0.004829313554806481
32989,0.014532758394190725
32990,0.023952565199254497
32991,0.01250017802668584
32992,0.011430500444741252
32993,0.01131636070919914
32994,0.01485554280328761
32995,0.012963026978485625
32996,-0.0029852540105896382
32997,0.0007747229423677652
32998,-0.001989180935441145
32999,-0.0006412403333417702
33000,-0.0013567963475219543
33001,0.0007747229423677652
33002,0.009424427052722678
33003,0.008634341602609842
33004,0.04814378854517939
33005,0.04441089174454794
33006,0.020486668795111292
33007,0.03509461617870109
33008,0.00018223951940432952
33009,0.040274083978891276
33010,0.03768506788081232
33011,0.031336659357062535
33012,0.037586692521977286
33013,0.00471732651803366
33014,0.009933419820060909
33015,0.012385222032765627
33016,0.006534624457438351
33017,0.006263519542668969
33018,0.0034350328220787503
33019,-0.015768813793782872
33020,-0.0035977168664680283
33021,-0.007400448959512172
33022,-0.0040020751702446655
33023,-0.0034380712771562775
33024,-0.002220467516824504
33025,-0.0036186949051088195
33026,-0.0035275081847906523
33027,-0.004566785214507328
33028,-0.0021465843856416987
33029,0.023198227754995297
33030,0.04510426312364983
33031,0.06316214229058492
33032,0.05489196281970697
33033,0.03805666407644198
33034,0.05447276576767294
33035,-0.001998859866745296
33036,0.038549619678735145
33037,0.04365167827130164
33038,0.03428084446071749
33039,0.035824043634080344
33040,-0.014778172565128636
33041,0.040664913677382473
33042,0.04081754925807338
33043,0.03916698460400124
33044,0.039293707034552865
33045,0.03836838023952455
33046,0.03883626723514096
33047,0.033861216453266035
33048,0.02931462244834487
33049,-0.006587299023807335
33050,0.03177800590735354
33051,0.038527048245152046
33052,0.01707387685562249
33053,0.03388101491358788
33054,0.0325455854334139
33055,0.03393739076098246
33056,0.0370234695082316
33057,-0.008031838851531008
33058,-0.0056849033760222765
33059,-0.00673841687006114
33060,-0.009668596460620403
33061,-0.01061890729572464
33062,-0.007231451716671083
33063,0.021043556380118053
33064,0.0010826581380794
33065,0.002782977855241903
33066,0.0040677805049339376
33067,0.01174044671918837
33068,0.036201959961343746
33069,0.03639667020420322
33070,0.0023965958372847507
33071,0.02547649586911402
33072,0.01655655956260289
33073,0.04275867193717262
33074,0.04238342413006858
33075,0.02194771390736814
33076,-0.005499814215475238
33077,0.0029357197965010034
33078,0.01120206647870125
33079,0.03908083623449003
33080,0.0212666000574674
33081,0.047793814807410025
33082,-0.009757515088015405
33083,-0.01060051668462214
33084,-0.011082888046025419
33085,0.006932628540573979
33086,0.0034143511490987914
33087,0.0037113608855257997
33088,0.004060143647378433
33089,0.002595753737688418
33090,0.004060143647378433
33091,0.005142903042809435
33092,0.0032962875052868768
33093,0.008979828024496657
33094,0.0036945995601137495
33095,0.00682683367683111
33096,0.004508560775301399
33097,-0.012190919065243893
33098,0.016380069516958275
33099,0.004365637183569299
33100,0.0031018207618480798
33101,0.008453256662481956
33102,0.002595753737688418
33103,0.010902347473738052
33104,0.014956799791941493
33105,0.0057539867350444454
33106,0.009623919574310438
33107,0.00983294762022423
33108,0.025960166684241642
33109,0.009228004383692662
33110,0.00865966863893991
33111,0.0014632499698547133
33112,-0.0008812472788779168
33113,-0.004873986597503241
33114,0.005670574477375305
33115,0.0066355377642108105
33116,-0.0004726317142697368
33117,-0.005812080777343892
33118,-0.004989348795754637
33119,-0.01271635371548482
33120,-0.011910654085975962
33121,-0.01246139885551072
33122,-0.010996889989645809
33123,-0.012018609536788233
33124,-0.01196541600514939
33125,-0.012534718553450779
33126,-0.005577563176834817
33127,-0.01062964292703021
33128,-0.00735125920291022
33129,-0.006509487935351736
33130,-0.009232839581825183
33131,0.0030522750904007578
33132,0.0026534016417266372
33133,0.004941862346899445
33134,0.0010092162483823419
33135,-0.012361967812555368
33136,-0.02259841331164423
33137,-0.007105077895265205
33138,-0.011271892935309901
33139,-0.003028365236957796
33140,-0.0027716115367876844
33141,-0.005995996405354691
33142,-0.004466387921860435
33143,-0.0027874673836906895
33144,0.0001447865714331286
33145,-0.0052026489891817355
33146,-0.004919180464942238
33147,-0.005807122062955945
33148,0.000462237485560531
33149,-0.004034503700030226
33150,-0.0063182802612197185
33151,-0.0044534491253409355
33152,-0.004996126236501307
33153,-0.004095890269890136
33154,0.001607093330465026
33155,-0.0023116467045576176
33156,-0.01992133413100451
33157,-0.013110770072600413
33158,-0.01886969512822838
33159,-0.017804109123990247
33160,-0.017697026798481418
33161,-0.017746891926755916
33162,-0.01708934482843412
33163,-0.0211135858149377
33164,-0.02069144469441156
33165,-0.01672530729919969
33166,-0.015581605936625125
33167,-0.014488358772525124
33168,-0.015623248062770044
33169,-0.01432006968468629
33170,-0.01524231233782111
33171,-0.013429666112296427
33172,-0.012544568096958501
33173,-0.01395965281553577
33174,-0.016607537293404924
33175,-0.013420864278456124
33176,-0.013518737244927867
33177,-0.11170275097842934
33178,-0.10624031224634704
33179,-0.10281267253390601
33180,-0.08603037335178065
33181,-0.1128576333041231
33182,-0.042613129831427246
33183,-0.03234691208906739
33184,-0.06950845645609854
33185,-0.030675437370590548
33186,-0.026217759280556613
33187,-0.0012627342328252048
33188,0.009181618685792982
33189,0.001975340471245512
33190,0.003885590891642215
33191,0.0010246671442259892
33192,-7.603180728442932e-05
33193,-0.0003782671722601705
33194,0.0023829797790666974
33195,0.008359457590933081
33196,0.001517265336762498
33197,-0.009175467176871765
33198,0.008246752553755727
33199,0.0050810141190815485
33200,0.003185827548320182
33201,0.0008312944026383276
33202,-0.0027176527704392806
33203,-0.002836143353964466
33204,-0.010387970427898498
33205,-0.004295220922860022
33206,-0.00047161579915058955
33207,-0.0033891305974485435
33208,0.0008094748208637492
33209,0.004871572559946343
33210,0.0008312944026383276
33211,0.0064359343975309334
33212,0.0009318473202315997
33213,-0.007491338807503283
33214,-0.005090365143221967
33215,-0.0004374878173595783
33216,0.0017623734124404343
33217,-0.0004827758593444714
33218,-0.0008151934489623057
33219,-0.0020900097965628455
33220,-0.0023044179868037893
33221,0.0015030415892429768
33222,-0.000876613339330003
33223,0.0333045406774012
33224,0.015165475632108169
33225,0.0014923132065705214
33226,-0.023073292888743487
33227,-0.0048245363105414805
33228,-0.0034601901341055345
33229,-0.008900362127536853
33230,0.009704734969366526
33231,-0.008928407578499921
33232,-0.00107965532536746
33233,0.004353336774306802
33234,-0.009201229339743058
33235,-0.008346028458416524
33236,-0.0031110052653077636
33237,0.004176648104362184
33238,0.011961796882830451
33239,-0.002721472236524543
33240,-0.0020728679647759314
33241,0.0006616638232757778
33242,-0.002960334635486591
33243,-0.00136025533102966
33244,0.0006606597698393516
33245,-0.009192577297464031
33246,-0.005383995998208522
33247,0.00011612858455793245
33248,-0.00016259397758142498
33249,0.0008504473531885932
33250,-0.001781157981164625
33251,-2.2846568459916422e-05
33252,0.0005964852103793919
33253,0.0005133765303847401
33254,-0.004105789969832538
33255,0.0004438090526207223
33256,0.0004438090526207223
33257,0.0005587078174128465
33258,-0.011631092185914913
33259,-0.005378736530403069
33260,-0.0015943494599390913
33261,0.0007518324968953354
33262,0.0024806869316614764
33263,-0.001895162723174848
33264,-0.00211118991326097
33265,0.0564177010267628
33266,0.11079656039282877
33267,0.06926822752471021
33268,0.07605299626426304
33269,0.011066546409373242
33270,0.007933034509299492
33271,0.0034871734129564864
33272,0.010357483733391258
33273,0.01751121047431678
33274,-0.011455744975818874
33275,0.010828781527782792
33276,0.006592167373050121
33277,0.004410187924277223
33278,-0.0025323531931021105
33279,-0.0009048887202485186
33280,0.0018845280676517454
33281,-0.0006266621043725523
33282,0.0015352619403429285
33283,0.010788391452044768
33284,0.011187738893192013
33285,0.002988806723821942
33286,0.011123980898193638
33287,0.0065248205414941305
33288,0.00356954701480323
33289,0.005797032042853842
33290,0.006913408142820357
33291,0.011123980898193638
33292,0.0052286962981010895
33293,0.007441851343206624
33294,0.003437779361215629
33295,0.004829313554806481
33296,0.004829313554806481
33297,0.004829313554806481
33298,0.00485821226789775
33299,0.00485821226789775
33300,0.035142049234091526
33301,0.02486429462506401
33302,0.015628584252985647
33303,0.02988827190809529
33304,0.019112376663617554
33305,0.0364927724858085
33306,0.03434898260849309
33307,0.03367747226859025
33308,0.03184425764994562
33309,0.027883784025647892
33310,0.029694920089267742
33311,0.0029749836659518497
33312,0.0012918128610239182
33313,0.000551568662187116
33314,0.027290367781256118
33315,0.020067921769717487
33316,0.005039063786434988
33317,0.010164601076479993
33318,0.0029294410613825107
33319,0.005039063786434988
33320,0.005766852285075278
33321,0.010366012641774785
33322,0.004829313554806481
33323,0.006966074027884676
33324,0.004907734904407354
33325,0.01021013949339358
33326,0.004829313554806481
33327,0.005232337612549733
33328,0.006434680492579288
33329,0.0057219246550012535
33330,0.011399261127900835
33331,0.004829313554806481
33332,0.010185161123237547
33333,0.006295551172848554
33334,0.008352222735822565
33335,0.009954850844851487
33336,0.010164601076479993
33337,0.004990410290743458
33338,-0.002649836424726557
33339,-0.0022105311502400955
33340,-0.0022883601763896604
33341,-0.002911374195690414
33342,0.007674330781380611
33343,-0.012397658389455987
33344,0.007257584208332829
33345,0.0019514320131246252
33346,0.0033099480908563893
33347,0.0011705494892276385
33348,0.006438710121923344
33349,0.028384309847321848
33350,0.024129276799037903
33351,0.007036969584379465
33352,0.011973148092219436
33353,0.025455051253468905
33354,0.019923104487565357
33355,0.0017409609690855654
33356,0.035527195012843696
33357,0.012502813662745813
33358,0.011422987704725794
33359,0.02939704108294714
33360,0.013925134663268158
33361,0.008893409144969661
33362,0.01993789634815003
33363,0.021520058434331447
33364,0.017825384664921506
33365,0.018000853147763875
33366,0.0050444666628431745
33367,-0.01644831634855859
33368,-0.001999470431873381
33369,0.013372506630674227
33370,0.0013790624817975466
33371,-0.002819183101375011
33372,-0.0024604784075353985
33373,0.01539545516230418
33374,0.005561536600945035
33375,-0.011023289076849683
33376,0.010288460432991984
33377,0.0011804356442744121
33378,0.011481065976340368
33379,0.004829313554806481
33380,0.011109732104310197
33381,0.0111044667989093
33382,0.026349020299695224
33383,0.009983749557942756
33384,0.007242406539856127
33385,0.007401560388589409
33386,0.006966074027884676
33387,0.018953168628512797
33388,0.012067910274495962
33389,0.004829313554806481
33390,-0.0043898420799909485
33391,0.019891689856296923
33392,0.03637018658563419
33393,0.03469096860924879
33394,0.03698022428257722
33395,0.04756626059696425
33396,0.023956753356804122
33397,0.054154341566850374
33398,0.0016371996844562705
33399,0.0013031635041110894
33400,0.002086268885737571
33401,0.00773944057653316
33402,0.007077762060995332
33403,0.011649162278884344
33404,0.011063903480558041
33405,0.011477666582746513
33406,0.010836346450060015
33407,0.011063903480558041
33408,0.0288250154875208
33409,0.011408643282347239
33410,0.011063903480558041
33411,0.011353283124677972
33412,0.006917956082068572
33413,0.006682155561245728
33414,0.006981828774319596
33415,0.004829313554806481
33416,0.01281621628492202
33417,0.020177802808766444
33418,0.011131487996431672
33419,0.005073482328502623
33420,0.007063858066444687
33421,-0.003201994065072279
33422,0.0011130660317092696
33423,0.001241163261633941
33424,0.0011130660317092696
33425,0.0030555019602592865
33426,0.003707651514491708
33427,-0.003026908168066284
33428,0.0024828431679520518
33429,2.8914150299452444e-05
33430,0.0014799771184633706
33431,0.0005745455642126945
33432,0.013046222062666096
33433,0.0030658819120654357
33434,0.011644345155513235
33435,-0.005835384257741684
33436,-0.006569882439389948
33437,-0.004739898915048331
33438,-0.005000700241123137
33439,-0.00499552858279605
33440,-0.0029570667574723864
33441,-0.004508522398964678
33442,-0.0020330261092345227
33443,-0.0034595568065895967
33444,-0.0030187727681714655
33445,-0.0069192556718564195
33446,-0.0074282274658423915
33447,-0.00608713987023996
33448,-0.008107972952697025
33449,-0.0071925743125332165
33450,-0.006907742627415364
33451,-0.005802308185122108
33452,-0.008545781474499659
33453,-0.008494367220816985
33454,0.01003416615980904
33455,0.004732275604445263
33456,0.004124072755670161
33457,0.006203069231469495
33458,0.006753543485063597
33459,0.0019763106379275548
33460,0.011985235989874785
33461,0.011108766279131021
33462,0.006257635821045231
33463,0.0204995294390761
33464,0.011845101237789781
33465,0.008035794110388988
33466,-0.00038262574965049244
33467,-0.0011003375965833576
33468,-0.004602504343399482
33469,-0.002132432998314462
33470,-0.00033363911656840293
33471,-0.002439939293123863
33472,-0.003189138367454022
33473,-0.0038788422105872794
33474,-0.0056693171283997215
33475,-0.009563086002726815
33476,-0.005215167815261548
33477,0.0007220323214001657
33478,0.031249778735282226
33479,0.03185483743366515
33480,0.008426374054579727
33481,0.005067765966137795
33482,-0.0061090339247366655
33483,0.010252742346261803
33484,-0.01115427848258337
33485,0.0001374293562211117
33486,0.004516714882372471
33487,0.004191917819801707
33488,0.001103342135896893
33489,0.0022219469812751174
33490,-0.00010531344990738088
33491,0.009110698904697467
33492,0.007326204865347585
33493,0.012967277109714313
33494,0.025359960941250127
33495,0.01364779282728589
33496,0.011878308951134602
33497,0.010713462589383905
33498,0.007450398318938361
33499,0.006755990590916967
33500,0.005088897258784653
33501,0.004829313554806481
33502,0.005557102053446772
33503,0.005377623974778848
33504,0.010357483733391258
33505,-0.0031914954409103472
33506,0.004829313554806481
33507,0.005956833501385322
33508,0.0059910830188698895
33509,0.005083143018368918
33510,0.005557102053446772
33511,0.0053614321537404945
33512,0.004829313554806481
33513,-0.0018685938306208804
33514,0.002831328188136261
33515,0.002831328188136261
33516,0.004060143647378433
33517,0.007942378696797332
33518,0.004168891475363009
33519,0.0029284951110120166
33520,-0.008245523699114124
33521,-0.004129445209392666
33522,-0.0039543003428504555
33523,-0.003919683833290193
33524,-0.0037961550367999006
33525,-0.004941692867679864
33526,-0.0034296475388151336
33527,-0.003911069604970482
33528,-0.005101139571466914
33529,0.0028518647776637936
33530,-0.0027670832190529156
33531,-0.010014578471116855
33532,-0.002551793464664976
33533,-0.009185038819109289
33534,-0.00403228088691818
33535,-0.0033486259962554094
33536,-0.005508838267660847
33537,-0.0030507970467358613
33538,-0.0015532142598940054
33539,0.02136992511684299
33540,0.02947385764632391
33541,0.02706295276085192
33542,0.033787288689984964
33543,0.011562067823518056
33544,0.008093830972857303
33545,0.02471841666327894
33546,0.002684809376162673
33547,0.0020424029128023537
33548,0.005086027252072868
33549,0.004914414129728868
33550,0.004474152569639786
33551,0.005194834806035669
33552,0.0051350362471969365
33553,0.004784950815123399
33554,0.008400535867080563
33555,0.004312714883716972
33556,0.0034488739108433837
33557,0.020590216887208995
33558,0.011676373521790316
33559,0.019632691013831253
33560,5.9912795555213305e-05
33561,0.009842201845646735
33562,0.003222219395284736
33563,0.005676436354149684
33564,0.006443272915991604
33565,0.009921570889488644
33566,0.004829313554806481
33567,0.01188088080000492
33568,0.00011424825512573715
33569,0.009876590710024474
33570,0.005557102053446772
33571,0.004804900994735124
33572,0.005564877256323919
33573,0.015122118200186213
33574,0.00015707971843096833
33575,0.0025182309985275295
33576,0.006350282399435477
33577,0.0014393797336365536
33578,0.0009313936110563366
33579,0.0009037273011922724
33580,-0.0007266552298807559
33581,-0.002025311418722795
33582,-0.003574911863595266
33583,-0.002919704208670844
33584,-0.0020867578963862845
33585,-0.0016747612748361305
33586,-0.0022952905391017513
33587,0.0008423607343259326
33588,0.013487500958982658
33589,0.01823878743344073
33590,-5.3875015540165544e-05
33591,0.008691322062880036
33592,0.012315913768432964
33593,0.0006221557155979972
33594,0.003229024330362661
33595,-0.0035683872047109462
33596,-0.005346581833220331
33597,-0.005294385334217325
33598,-0.0034221889707155423
33599,-0.01912100150805127
33600,-0.006365395800190223
33601,-0.0023196261790577087
33602,-0.0013850873934064586
33603,-0.005528446988571548
33604,-0.004873239333647127
33605,-0.0018470096666253588
33606,-0.006405763282422879
33607,-0.005417260050233696
33608,-0.0012229474224361775
33609,0.0007584781256600239
33610,-0.0025949898015571026
33611,0.0025015358675681467
33612,0.0006911401165218721
33613,0.000303044316653087
33614,-0.0021255844046874214
33615,0.0006868254674793627
33616,0.0012297071837390565
33617,-0.008663511209070388
33618,0.0011369589305008899
33619,0.0006911401165218721
33620,0.0006234582184031959
33621,0.0013598593788103832
33622,-0.010380328390479839
33623,-0.0028998326619453937
33624,-0.0082716020008806
33625,-0.0076561087187231305
33626,-0.004202898831482202
33627,-0.00797452699470446
33628,-0.008281692765260383
33629,-0.00107965532536746
33630,-0.0043490789692742235
33631,0.0011282876488507853
33632,0.0021912369106172045
33633,-0.004383398247341202
33634,-0.002178990839796263
33635,-0.001178719404685266
33636,-0.0028527682568859052
33637,0.004829313554806481
33638,0.0002619105694252
33639,0.00028844434640849505
33640,0.004732146631930727
33641,0.0031364074660064044
33642,0.004732146631930727
33643,0.01186100773760198
33644,0.010018608839849863
33645,-0.002060389585449676
33646,-0.0025433123187832635
33647,-0.0033007732831509804
33648,0.005409233454331157
33649,-0.012495233678965092
33650,0.0025099997882742408
33651,0.0035372346367381286
33652,0.00636586706572851
33653,0.003468170929226547
33654,0.004437768373403148
33655,0.0012169983458446417
33656,0.009954850844851487
33657,0.005380083241380923
33658,0.004326557398609733
33659,0.006296167161641234
33660,0.009954850844851487
33661,0.004453870042389395
33662,0.00482083268042776
33663,0.007353366355119368
33664,0.004829313554806481
33665,0.004184852132937508
33666,0.003897568907331409
33667,0.008730404867836968
33668,0.004829313554806481
33669,0.004907734904407354
33670,0.004829313554806481
33671,0.014420618358430568
33672,0.023469209648838415
33673,0.005183065202434087
33674,0.005456045324379721
33675,0.012586154913341325
33676,0.00485821226789775
33677,0.00773711967021549
33678,0.010827875109493174
33679,0.023827398045384224
33680,0.011046553930415043
33681,0.00602411100437387
33682,0.01153536574386791
33683,0.004907734904407354
33684,0.010864152660904212
33685,-0.0025457440652468717
33686,0.0004087174705388696
33687,-0.0024718822269513066
33688,-0.0024132762881467983
33689,0.01252379994580376
33690,0.00742578203256401
33691,0.01640686871159126
33692,0.009229139013374577
33693,0.012720609598931348
33694,0.011541815008883936
33695,0.019333421719872325
33696,0.009231859958081984
33697,0.0030404821477848384
33698,-0.012227469774006114
33699,-0.0014513418485713628
33700,0.00411488491669725
33701,0.0005759351808557203
33702,0.0035353792258162793
33703,0.007616065883801549
33704,0.0029523970185943555
33705,-0.0005746935792287094
33706,0.008208482565620331
33707,0.003482221638223644
33708,0.0037410159153832973
33709,0.00566533329813005
33710,0.009880590037683365
33711,0.008030811820140184
33712,0.0028782501803742587
33713,0.004403085264724271
33714,-0.00013726954673016532
33715,-0.0003288567208737172
33716,0.00803146171103826
33717,-0.0058753375081691825
33718,-0.00671780499877404
33719,-0.0058663068288073925
33720,-0.007298795989373815
33721,-0.0076851973582663545
33722,-0.007073114150730602
33723,0.0021903840363488463
33724,-0.0013229038781677807
33725,0.0023515765435885927
33726,0.002967043481063529
33727,0.00283484545821782
33728,0.00283484545821782
33729,0.008003720535657403
33730,-0.013383964935582207
33731,-0.0019915117271399278
33732,0.002967043481063529
33733,0.019822620849688395
33734,0.01953698273433396
33735,0.021657156509675632
33736,0.011830915508076023
33737,-0.004799683390176855
33738,0.022798390240431687
33739,0.00832737987707999
33740,0.014780975560148171
33741,0.008522084001951195
33742,0.004949139578877718
33743,0.004829313554806481
33744,0.008358983192139607
33745,0.00485821226789775
33746,0.004829313554806481
33747,0.009914477764256574
33748,0.006817123806591707
33749,0.005782614727933007
33750,0.010119322889265085
33751,0.0005121296267398377
33752,0.008130283306048192
33753,-0.011564516928547762
33754,0.02007481493554146
33755,0.004993600421729102
33756,-0.008301312673562442
33757,-0.008017818194619716
33758,-0.007729426756986813
33759,-0.010527748815113208
33760,-0.007826593679862569
33761,-0.008427659504805621
33762,-0.007826593679862569
33763,-0.0019721960986200764
33764,-0.002821402956039834
33765,2.955571002577743e-05
33766,0.0016262180968603882
33767,0.0025088451828438178
33768,-0.0029340318371685603
33769,0.001851336077295298
33770,0.00172877778644104
33771,-0.016782543541661504
33772,0.002649524080068248
33773,0.002649524080068248
33774,-0.002821402956039834
33775,-0.00281773967085366
33776,0.020052510763700907
33777,0.023322944245004643
33778,0.0077430234015716595
33779,0.011946062143820279
33780,0.014567860034687866
33781,0.01187482409828329
33782,0.020708124346371915
33783,0.014212449954565878
33784,-0.007278844826318632
33785,0.02156719652539821
33786,0.01763692251010237
33787,0.056151666177016314
33788,0.034293698394450664
33789,0.029820792565667976
33790,0.025945890521487675
33791,0.04099865385131425
33792,0.028311085996715724
33793,0.023865369169586724
33794,0.02054944832432504
33795,0.026196453436448844
33796,0.02148740851628379
33797,0.028945554454746295
33798,0.02732158516427258
33799,0.026405470780169284
33800,0.02494204428554029
33801,0.030275467782128057
33802,0.026758085610057544
